{"cameraMode":{"drawMode":0,"name":"Shaded","section":"Shading Mode"},"sceneLighting":true,"audioPlay":false,"sceneViewState":{"showFog":true,"showMaterialUpdate":true,"showSkybox":true,"showFlares":true,"showImageEffects":true,"showParticleSystems":true,"showVisualEffectGraphs":true,"m_FxEnabled":true},"in2DMode":false,"pivot":{"x":0.4834251403808594,"y":-0.7625093460083008,"z":38.42986297607422},"rotation":{"x":0.052701111882925037,"y":-0.06281653046607971,"z":0.003398856846615672,"w":0.9971336126327515},"size":31.098867416381837,"orthographic":false}