{"cameraMode":{"drawMode":0,"name":"Shaded","section":"Shading Mode"},"sceneLighting":true,"audioPlay":false,"sceneViewState":{"showFog":true,"showMaterialUpdate":false,"showSkybox":true,"showFlares":true,"showImageEffects":true,"showParticleSystems":true,"showVisualEffectGraphs":true,"m_FxEnabled":true},"in2DMode":false,"pivot":{"x":44.82316589355469,"y":66.96945190429688,"z":20.896575927734376},"rotation":{"x":0.04316383972764015,"y":-0.027875253930687906,"z":-0.0011611913796514273,"w":-0.9987053275108337},"size":63.21644973754883,"orthographic":false}