{"cameraMode":{"drawMode":0,"name":"Shaded","section":"Shading Mode"},"sceneLighting":true,"audioPlay":false,"sceneViewState":{"showFog":true,"showMaterialUpdate":true,"showSkybox":true,"showFlares":true,"showImageEffects":true,"showParticleSystems":true,"showVisualEffectGraphs":true,"m_FxEnabled":true},"in2DMode":false,"pivot":{"x":195.9457244873047,"y":21.108062744140626,"z":-59.188995361328128},"rotation":{"x":-0.16012629866600038,"y":-0.07035832107067108,"z":0.0074926335364580158,"w":-0.9854278564453125},"size":3.4729044437408449,"orthographic":false}