{"cameraMode":{"drawMode":0,"name":"Shaded","section":"Shading Mode"},"sceneLighting":true,"audioPlay":false,"sceneViewState":{"showFog":true,"showMaterialUpdate":true,"showSkybox":true,"showFlares":true,"showImageEffects":true,"showParticleSystems":true,"showVisualEffectGraphs":true,"m_FxEnabled":true},"in2DMode":false,"pivot":{"x":190.80612182617188,"y":-25.625944137573243,"z":35.469871520996097},"rotation":{"x":-0.20299680531024934,"y":-0.038719870150089267,"z":0.006712086498737335,"w":-0.9794396162033081},"size":41.86392593383789,"orthographic":false}