{"cameraMode":{"drawMode":0,"name":"Shaded","section":"Shading Mode"},"sceneLighting":true,"audioPlay":false,"sceneViewState":{"showFog":true,"showMaterialUpdate":false,"showSkybox":true,"showFlares":true,"showImageEffects":true,"showParticleSystems":true,"showVisualEffectGraphs":true,"m_FxEnabled":true},"in2DMode":false,"pivot":{"x":149.5332794189453,"y":3.9684457778930666,"z":594.7978515625},"rotation":{"x":0.00029753544367849827,"y":-0.9966891407966614,"z":0.0017898540245369077,"w":0.0818345695734024},"size":139.58241271972657,"orthographic":false}