{"cameraMode":{"drawMode":0,"name":"Shaded","section":"Shading Mode"},"sceneLighting":false,"audioPlay":false,"sceneViewState":{"showFog":true,"showMaterialUpdate":false,"showSkybox":true,"showFlares":true,"showImageEffects":true,"showParticleSystems":true,"showVisualEffectGraphs":true,"m_FxEnabled":true},"in2DMode":false,"pivot":{"x":2.9335274696350099,"y":22.89651107788086,"z":50.914451599121097},"rotation":{"x":-0.028626810759305955,"y":0.08604631572961807,"z":0.007082533091306686,"w":0.9975923895835877},"size":31.36395263671875,"orthographic":false}