{"cameraMode":{"drawMode":0,"name":"Shaded","section":"Shading Mode"},"sceneLighting":true,"audioPlay":false,"sceneViewState":{"showFog":true,"showMaterialUpdate":false,"showSkybox":true,"showFlares":true,"showImageEffects":true,"showParticleSystems":true,"showVisualEffectGraphs":true,"m_FxEnabled":true},"in2DMode":false,"pivot":{"x":11.74103832244873,"y":1.8015159368515015,"z":138.97085571289063},"rotation":{"x":0.013327179476618767,"y":0.8228138089179993,"z":0.0026286463253200056,"w":0.5716196894645691},"size":3.019371509552002,"orthographic":false}