{"cameraMode":{"drawMode":0,"name":"Shaded","section":"Shading Mode"},"sceneLighting":false,"audioPlay":false,"sceneViewState":{"showFog":true,"showMaterialUpdate":false,"showSkybox":true,"showFlares":true,"showImageEffects":true,"showParticleSystems":true,"showVisualEffectGraphs":true,"m_FxEnabled":true},"in2DMode":false,"pivot":{"x":168.12863159179688,"y":631.9713134765625,"z":402.6776123046875},"rotation":{"x":0.010834298096597195,"y":-0.027599163353443147,"z":-0.010036405175924302,"w":-1.001272439956665},"size":759.7604370117188,"orthographic":false}