{"cameraMode":{"drawMode":0,"name":"Shaded","section":"Shading Mode"},"sceneLighting":false,"audioPlay":false,"sceneViewState":{"showFog":true,"showMaterialUpdate":false,"showSkybox":false,"showFlares":true,"showImageEffects":true,"showParticleSystems":true,"showVisualEffectGraphs":true,"m_FxEnabled":true},"in2DMode":false,"pivot":{"x":-9.643731117248536,"y":-11.464751243591309,"z":39.90222930908203},"rotation":{"x":0.015521259047091008,"y":0.9953816533088684,"z":-0.01732252538204193,"w":0.11290038377046585},"size":1.2056632041931153,"orthographic":false}